N,w_ratio,r_min,seed,mean_brier,mean_H,mean_A,mean_r,n_tasks
1,0.0,0.5,0,0.5421555874972,0.29,0.99,0.8966844,100
1,0.0,0.5,42,0.55014950494618,0.28,1.0,0.9033272800000001,100
1,0.0,0.5,123,0.56197929753744,0.27,0.99,0.9040028800000001,100
1,0.0,0.5,456,0.55214206989688,0.29,1.0,0.9075584600000001,100
1,0.0,0.5,789,0.54906092572047,0.28,1.0,0.89825165,100
1,0.0,0.7,0,0.5421555874972,0.29,0.9,0.8966844,100
1,0.0,0.7,42,0.55014950494618,0.28,0.94,0.9033272800000001,100
1,0.0,0.7,123,0.56197929753744,0.27,0.92,0.9040028800000001,100
1,0.0,0.7,456,0.55214206989688,0.29,0.93,0.9075584600000001,100
1,0.0,0.7,789,0.54906092572047,0.28,0.93,0.89825165,100
1,0.0,0.9,0,0.5421555874972,0.29,0.59,0.8966844,100
1,0.0,0.9,42,0.55014950494618,0.28,0.58,0.9033272800000001,100
1,0.0,0.9,123,0.56197929753744,0.27,0.64,0.9040028800000001,100
1,0.0,0.9,456,0.55214206989688,0.29,0.64,0.9075584600000001,100
1,0.0,0.9,789,0.54906092572047,0.28,0.61,0.89825165,100
1,0.25,0.5,0,0.5421555874972,0.29,0.99,0.8966844,100
1,0.25,0.5,42,0.55014950494618,0.28,1.0,0.9033272800000001,100
1,0.25,0.5,123,0.56197929753744,0.27,0.99,0.9040028800000001,100
1,0.25,0.5,456,0.55214206989688,0.29,1.0,0.9075584600000001,100
1,0.25,0.5,789,0.54906092572047,0.28,1.0,0.89825165,100
1,0.25,0.7,0,0.5421555874972,0.29,0.9,0.8966844,100
1,0.25,0.7,42,0.55014950494618,0.28,0.94,0.9033272800000001,100
1,0.25,0.7,123,0.56197929753744,0.27,0.92,0.9040028800000001,100
1,0.25,0.7,456,0.55214206989688,0.29,0.93,0.9075584600000001,100
1,0.25,0.7,789,0.54906092572047,0.28,0.93,0.89825165,100
1,0.25,0.9,0,0.5421555874972,0.29,0.59,0.8966844,100
1,0.25,0.9,42,0.55014950494618,0.28,0.58,0.9033272800000001,100
1,0.25,0.9,123,0.56197929753744,0.27,0.64,0.9040028800000001,100
1,0.25,0.9,456,0.55214206989688,0.29,0.64,0.9075584600000001,100
1,0.25,0.9,789,0.54906092572047,0.28,0.61,0.89825165,100
1,0.5,0.5,0,0.5421555874972,0.29,0.99,0.8966844,100
1,0.5,0.5,42,0.55014950494618,0.28,1.0,0.9033272800000001,100
1,0.5,0.5,123,0.56197929753744,0.27,0.99,0.9040028800000001,100
1,0.5,0.5,456,0.55214206989688,0.29,1.0,0.9075584600000001,100
1,0.5,0.5,789,0.54906092572047,0.28,1.0,0.89825165,100
1,0.5,0.7,0,0.5421555874972,0.29,0.9,0.8966844,100
1,0.5,0.7,42,0.55014950494618,0.28,0.94,0.9033272800000001,100
1,0.5,0.7,123,0.56197929753744,0.27,0.92,0.9040028800000001,100
1,0.5,0.7,456,0.55214206989688,0.29,0.93,0.9075584600000001,100
1,0.5,0.7,789,0.54906092572047,0.28,0.93,0.89825165,100
1,0.5,0.9,0,0.5421555874972,0.29,0.59,0.8966844,100
1,0.5,0.9,42,0.55014950494618,0.28,0.58,0.9033272800000001,100
1,0.5,0.9,123,0.56197929753744,0.27,0.64,0.9040028800000001,100
1,0.5,0.9,456,0.55214206989688,0.29,0.64,0.9075584600000001,100
1,0.5,0.9,789,0.54906092572047,0.28,0.61,0.89825165,100
1,1.0,0.5,0,0.5421555874972,0.29,0.99,0.8966844,100
1,1.0,0.5,42,0.55014950494618,0.28,1.0,0.9033272800000001,100
1,1.0,0.5,123,0.56197929753744,0.27,0.99,0.9040028800000001,100
1,1.0,0.5,456,0.55214206989688,0.29,1.0,0.9075584600000001,100
1,1.0,0.5,789,0.54906092572047,0.28,1.0,0.89825165,100
1,1.0,0.7,0,0.5421555874972,0.29,0.9,0.8966844,100
1,1.0,0.7,42,0.55014950494618,0.28,0.94,0.9033272800000001,100
1,1.0,0.7,123,0.56197929753744,0.27,0.92,0.9040028800000001,100
1,1.0,0.7,456,0.55214206989688,0.29,0.93,0.9075584600000001,100
1,1.0,0.7,789,0.54906092572047,0.28,0.93,0.89825165,100
1,1.0,0.9,0,0.5421555874972,0.29,0.59,0.8966844,100
1,1.0,0.9,42,0.55014950494618,0.28,0.58,0.9033272800000001,100
1,1.0,0.9,123,0.56197929753744,0.27,0.64,0.9040028800000001,100
1,1.0,0.9,456,0.55214206989688,0.29,0.64,0.9075584600000001,100
1,1.0,0.9,789,0.54906092572047,0.28,0.61,0.89825165,100
1,2.0,0.5,0,0.5421555874972,0.29,0.99,0.8966844,100
1,2.0,0.5,42,0.55014950494618,0.28,1.0,0.9033272800000001,100
1,2.0,0.5,123,0.56197929753744,0.27,0.99,0.9040028800000001,100
1,2.0,0.5,456,0.55214206989688,0.29,1.0,0.9075584600000001,100
1,2.0,0.5,789,0.54906092572047,0.28,1.0,0.89825165,100
1,2.0,0.7,0,0.5421555874972,0.29,0.9,0.8966844,100
1,2.0,0.7,42,0.55014950494618,0.28,0.94,0.9033272800000001,100
1,2.0,0.7,123,0.56197929753744,0.27,0.92,0.9040028800000001,100
1,2.0,0.7,456,0.55214206989688,0.29,0.93,0.9075584600000001,100
1,2.0,0.7,789,0.54906092572047,0.28,0.93,0.89825165,100
1,2.0,0.9,0,0.5421555874972,0.29,0.59,0.8966844,100
1,2.0,0.9,42,0.55014950494618,0.28,0.58,0.9033272800000001,100
1,2.0,0.9,123,0.56197929753744,0.27,0.64,0.9040028800000001,100
1,2.0,0.9,456,0.55214206989688,0.29,0.64,0.9075584600000001,100
1,2.0,0.9,789,0.54906092572047,0.28,0.61,0.89825165,100
1,4.0,0.5,0,0.5421555874972,0.29,0.99,0.8966844,100
1,4.0,0.5,42,0.55014950494618,0.28,1.0,0.9033272800000001,100
1,4.0,0.5,123,0.56197929753744,0.27,0.99,0.9040028800000001,100
1,4.0,0.5,456,0.55214206989688,0.29,1.0,0.9075584600000001,100
1,4.0,0.5,789,0.54906092572047,0.28,1.0,0.89825165,100
1,4.0,0.7,0,0.5421555874972,0.29,0.9,0.8966844,100
1,4.0,0.7,42,0.55014950494618,0.28,0.94,0.9033272800000001,100
1,4.0,0.7,123,0.56197929753744,0.27,0.92,0.9040028800000001,100
1,4.0,0.7,456,0.55214206989688,0.29,0.93,0.9075584600000001,100
1,4.0,0.7,789,0.54906092572047,0.28,0.93,0.89825165,100
1,4.0,0.9,0,0.5421555874972,0.29,0.59,0.8966844,100
1,4.0,0.9,42,0.55014950494618,0.28,0.58,0.9033272800000001,100
1,4.0,0.9,123,0.56197929753744,0.27,0.64,0.9040028800000001,100
1,4.0,0.9,456,0.55214206989688,0.29,0.64,0.9075584600000001,100
1,4.0,0.9,789,0.54906092572047,0.28,0.61,0.89825165,100
2,0.0,0.5,0,0.47614065798208005,0.32,0.98,0.87848934,100
2,0.0,0.5,42,0.51180327606169,0.29,0.99,0.88437241,100
2,0.0,0.5,123,0.47639860934003,0.31,1.0,0.87154233,100
2,0.0,0.5,456,0.48304911147382,0.31,0.99,0.87275694,100
2,0.0,0.5,789,0.52003116972549,0.29,1.0,0.88629543,100
2,0.0,0.7,0,0.47614065798208005,0.32,0.87,0.87848934,100
2,0.0,0.7,42,0.51180327606169,0.29,0.91,0.88437241,100
2,0.0,0.7,123,0.47639860934003,0.31,0.84,0.87154233,100
2,0.0,0.7,456,0.48304911147382,0.31,0.84,0.87275694,100
2,0.0,0.7,789,0.52003116972549,0.29,0.9,0.88629543,100
2,0.0,0.9,0,0.47614065798208005,0.32,0.57,0.87848934,100
2,0.0,0.9,42,0.51180327606169,0.29,0.52,0.88437241,100
2,0.0,0.9,123,0.47639860934003,0.31,0.51,0.87154233,100
2,0.0,0.9,456,0.48304911147382,0.31,0.55,0.87275694,100
2,0.0,0.9,789,0.52003116972549,0.29,0.55,0.88629543,100
2,0.25,0.5,0,0.47805716343316,0.32,0.99,0.8801642,100
2,0.25,0.5,42,0.51369935327173,0.29,1.0,0.88602715,100
2,0.25,0.5,123,0.47639860934003,0.31,1.0,0.87154233,100
2,0.25,0.5,456,0.4849015073537,0.31,1.0,0.87446872,100
2,0.25,0.5,789,0.52003116972549,0.29,1.0,0.88629543,100
2,0.25,0.7,0,0.48265198732707,0.32,0.92,0.8829948299999999,100
2,0.25,0.7,42,0.51460391511322,0.29,0.93,0.8862439000000001,100
2,0.25,0.7,123,0.48335282853142,0.31,0.88,0.8764095000000001,100
2,0.25,0.7,456,0.49040657500568996,0.31,0.9,0.87824445,100
2,0.25,0.7,789,0.52582310466461,0.29,0.95,0.89040365,100
2,0.25,0.9,0,0.48199287307276995,0.32,0.61,0.88169681,100
2,0.25,0.9,42,0.52562712046844,0.29,0.61,0.8920159200000001,100
2,0.25,0.9,123,0.48292664322313,0.31,0.56,0.87512045,100
2,0.25,0.9,456,0.49166096210142,0.31,0.6,0.8776288,100
2,0.25,0.9,789,0.53327347468262,0.29,0.64,0.8935966399999999,100
2,0.5,0.5,0,0.47805716343316,0.32,0.99,0.8801642,100
2,0.5,0.5,42,0.51369935327173,0.29,1.0,0.88602715,100
2,0.5,0.5,123,0.47639860934003,0.31,1.0,0.87154233,100
2,0.5,0.5,456,0.4849015073537,0.31,1.0,0.87446872,100
2,0.5,0.5,789,0.52003116972549,0.29,1.0,0.88629543,100
2,0.5,0.7,0,0.4936127695877,0.32,0.95,0.89053272,100
2,0.5,0.7,42,0.52727260080463,0.29,0.97,0.89446167,100
2,0.5,0.7,123,0.50753993611052,0.31,0.95,0.89262944,100
2,0.5,0.7,456,0.50944336776645,0.31,0.95,0.89081591,100
2,0.5,0.7,789,0.5315138959221,0.29,0.97,0.8945184999999999,100
2,0.5,0.9,0,0.49589810815054003,0.32,0.65,0.8899164,100
2,0.5,0.9,42,0.5447628549881199,0.29,0.67,0.90334834,100
2,0.5,0.9,123,0.50286848297868,0.31,0.62,0.8868040399999999,100
2,0.5,0.9,456,0.50278325893373,0.31,0.63,0.88435167,100
2,0.5,0.9,789,0.5365322767187,0.29,0.65,0.8955401999999999,100
2,1.0,0.5,0,0.48387841374356,0.32,1.0,0.88436254,100
2,1.0,0.5,42,0.51369935327173,0.29,1.0,0.88602715,100
2,1.0,0.5,123,0.47639860934003,0.31,1.0,0.87154233,100
2,1.0,0.5,456,0.4849015073537,0.31,1.0,0.87446872,100
2,1.0,0.5,789,0.52003116972549,0.29,1.0,0.88629543,100
2,1.0,0.7,0,0.4994340198981,0.32,0.96,0.89473106,100
2,1.0,0.7,42,0.52727260080463,0.29,0.97,0.89446167,100
2,1.0,0.7,123,0.5184122170322,0.31,0.97,0.8993495199999999,100
2,1.0,0.7,456,0.5145324985809,0.31,0.96,0.89430846,100
2,1.0,0.7,789,0.5365472468181001,0.29,0.98,0.8980445,100
2,1.0,0.9,0,0.51010910941838,0.31,0.67,0.8944331200000001,100
2,1.0,0.9,42,0.5447628549881199,0.29,0.67,0.90334834,100
2,1.0,0.9,123,0.5297587196608899,0.29,0.66,0.89415499,100
2,1.0,0.9,456,0.52429662490382,0.29,0.66,0.88844174,100
2,1.0,0.9,789,0.54458669611835,0.28,0.66,0.89583035,100
2,2.0,0.5,0,0.48387841374356,0.32,1.0,0.88436254,100
2,2.0,0.5,42,0.51369935327173,0.29,1.0,0.88602715,100
2,2.0,0.5,123,0.47639860934003,0.31,1.0,0.87154233,100
2,2.0,0.5,456,0.4849015073537,0.31,1.0,0.87446872,100
2,2.0,0.5,789,0.52003116972549,0.29,1.0,0.88629543,100
2,2.0,0.7,0,0.4994340198981,0.32,0.96,0.89473106,100
2,2.0,0.7,42,0.52727260080463,0.29,0.97,0.89446167,100
2,2.0,0.7,123,0.5184122170322,0.31,0.97,0.8993495199999999,100
2,2.0,0.7,456,0.5145324985809,0.31,0.96,0.89430846,100
2,2.0,0.7,789,0.5365472468181001,0.29,0.98,0.8980445,100
2,2.0,0.9,0,0.51010910941838,0.31,0.67,0.8944331200000001,100
2,2.0,0.9,42,0.5447628549881199,0.29,0.67,0.90334834,100
2,2.0,0.9,123,0.5297587196608899,0.29,0.66,0.89415499,100
2,2.0,0.9,456,0.52429662490382,0.29,0.66,0.88844174,100
2,2.0,0.9,789,0.54458669611835,0.28,0.66,0.89583035,100
2,4.0,0.5,0,0.48387841374356,0.32,1.0,0.88436254,100
2,4.0,0.5,42,0.51369935327173,0.29,1.0,0.88602715,100
2,4.0,0.5,123,0.47639860934003,0.31,1.0,0.87154233,100
2,4.0,0.5,456,0.4849015073537,0.31,1.0,0.87446872,100
2,4.0,0.5,789,0.52003116972549,0.29,1.0,0.88629543,100
2,4.0,0.7,0,0.4994340198981,0.32,0.96,0.89473106,100
2,4.0,0.7,42,0.52727260080463,0.29,0.97,0.89446167,100
2,4.0,0.7,123,0.5184122170322,0.31,0.97,0.8993495199999999,100
2,4.0,0.7,456,0.5145324985809,0.31,0.96,0.89430846,100
2,4.0,0.7,789,0.5365472468181001,0.29,0.98,0.8980445,100
2,4.0,0.9,0,0.51010910941838,0.31,0.67,0.8944331200000001,100
2,4.0,0.9,42,0.5447628549881199,0.29,0.67,0.90334834,100
2,4.0,0.9,123,0.5297587196608899,0.29,0.66,0.89415499,100
2,4.0,0.9,456,0.52429662490382,0.29,0.66,0.88844174,100
2,4.0,0.9,789,0.54458669611835,0.28,0.66,0.89583035,100
4,0.0,0.5,0,0.41511861173736997,0.34,0.98,0.85073255,100
4,0.0,0.5,42,0.45860290809009,0.31,0.99,0.8619450500000001,100
4,0.0,0.5,123,0.43309317570628,0.33,1.0,0.85565166,100
4,0.0,0.5,456,0.44841938968005995,0.31,0.99,0.8515386599999999,100
4,0.0,0.5,789,0.45408856200941,0.33,1.0,0.86891445,100
4,0.0,0.7,0,0.41511861173736997,0.34,0.82,0.85073255,100
4,0.0,0.7,42,0.45860290809009,0.31,0.84,0.8619450500000001,100
4,0.0,0.7,123,0.43309317570628,0.33,0.8,0.85565166,100
4,0.0,0.7,456,0.44841938968005995,0.31,0.82,0.8515386599999999,100
4,0.0,0.7,789,0.45408856200941,0.33,0.87,0.86891445,100
4,0.0,0.9,0,0.41511861173736997,0.34,0.47,0.85073255,100
4,0.0,0.9,42,0.45860290809009,0.31,0.47,0.8619450500000001,100
4,0.0,0.9,123,0.43309317570628,0.33,0.49,0.85565166,100
4,0.0,0.9,456,0.44841938968005995,0.31,0.47,0.8515386599999999,100
4,0.0,0.9,789,0.45408856200941,0.33,0.48,0.86891445,100
4,0.25,0.5,0,0.41665406866521,0.34,0.99,0.8521101899999999,100
4,0.25,0.5,42,0.45971279262174003,0.31,1.0,0.86297,100
4,0.25,0.5,123,0.43309317570628,0.33,1.0,0.85565166,100
4,0.25,0.5,456,0.45027178555993996,0.31,1.0,0.85325044,100
4,0.25,0.5,789,0.45408856200941,0.33,1.0,0.86891445,100
4,0.25,0.7,0,0.43224067528118,0.34,0.94,0.8634954399999999,100
4,0.25,0.7,42,0.46943830336772,0.31,0.93,0.8698317,100
4,0.25,0.7,123,0.45506740971979,0.33,0.93,0.87162917,100
4,0.25,0.7,456,0.46546149349281,0.31,0.93,0.86418697,100
4,0.25,0.7,789,0.47035114292349,0.33,0.98,0.88082359,100
4,0.25,0.9,0,0.43115016330365,0.34,0.56,0.85980711,100
4,0.25,0.9,42,0.48253979642204003,0.31,0.61,0.87530878,100
4,0.25,0.9,123,0.44365356003983997,0.33,0.56,0.86147198,100
4,0.25,0.9,456,0.46597397173893,0.31,0.57,0.8613817899999999,100
4,0.25,0.9,789,0.47363429283386,0.33,0.62,0.8797664399999999,100
4,0.5,0.5,0,0.41665406866521,0.34,0.99,0.8521101899999999,100
4,0.5,0.5,42,0.45971279262174003,0.31,1.0,0.86297,100
4,0.5,0.5,123,0.43309317570628,0.33,1.0,0.85565166,100
4,0.5,0.5,456,0.45027178555993996,0.31,1.0,0.85325044,100
4,0.5,0.5,789,0.45408856200941,0.33,1.0,0.86891445,100
4,0.5,0.7,0,0.44068366581906,0.34,0.97,0.86943794,100
4,0.5,0.7,42,0.48672902576730004,0.31,0.98,0.88139268,100
4,0.5,0.7,123,0.47026167601296004,0.33,0.98,0.88188048,100
4,0.5,0.7,456,0.47905824080045,0.31,0.97,0.8734469300000001,100
4,0.5,0.7,789,0.47316119167521997,0.33,0.99,0.8829488999999999,100
4,0.5,0.9,0,0.46843415380056,0.34,0.67,0.88157416,100
4,0.5,0.9,42,0.52280937137531,0.31,0.72,0.89965209,100
4,0.5,0.9,123,0.48539205621598003,0.33,0.67,0.8870014399999999,100
4,0.5,0.9,456,0.50499415771639,0.31,0.68,0.88474025,100
4,0.5,0.9,789,0.49276072982731,0.33,0.67,0.8911295300000001,100
4,1.0,0.5,0,0.42247531897560997,0.34,1.0,0.8563085300000001,100
4,1.0,0.5,42,0.45971279262174003,0.31,1.0,0.86297,100
4,1.0,0.5,123,0.43309317570628,0.33,1.0,0.85565166,100
4,1.0,0.5,456,0.45027178555993996,0.31,1.0,0.85325044,100
4,1.0,0.5,789,0.45408856200941,0.33,1.0,0.86891445,100
4,1.0,0.7,0,0.45151391211106,0.34,0.99,0.8767857600000001,100
4,1.0,0.7,42,0.49233220304006997,0.31,0.99,0.88477239,100
4,1.0,0.7,123,0.47527067199455997,0.33,0.99,0.88502996,100
4,1.0,0.7,456,0.4841473716149,0.31,0.98,0.8769394800000001,100
4,1.0,0.7,789,0.47819454257121996,0.33,1.0,0.8864749000000001,100
4,1.0,0.9,0,0.49736961078277,0.32,0.71,0.89085393,100
4,1.0,0.9,42,0.53639602021041,0.3,0.74,0.9033835299999999,100
4,1.0,0.9,123,0.51267584422307,0.31,0.71,0.8946851499999999,100
4,1.0,0.9,456,0.53895073726471,0.29,0.73,0.8970875100000001,100
4,1.0,0.9,789,0.52277627010351,0.3,0.71,0.89580969,100
4,2.0,0.5,0,0.42247531897560997,0.34,1.0,0.8563085300000001,100
4,2.0,0.5,42,0.45971279262174003,0.31,1.0,0.86297,100
4,2.0,0.5,123,0.43309317570628,0.33,1.0,0.85565166,100
4,2.0,0.5,456,0.45027178555993996,0.31,1.0,0.85325044,100
4,2.0,0.5,789,0.45408856200941,0.33,1.0,0.86891445,100
4,2.0,0.7,0,0.45151391211106,0.34,0.99,0.8767857600000001,100
4,2.0,0.7,42,0.49233220304006997,0.31,0.99,0.88477239,100
4,2.0,0.7,123,0.47527067199455997,0.33,0.99,0.88502996,100
4,2.0,0.7,456,0.4841473716149,0.31,0.98,0.8769394800000001,100
4,2.0,0.7,789,0.47819454257121996,0.33,1.0,0.8864749000000001,100
4,2.0,0.9,0,0.49736961078277,0.32,0.71,0.89085393,100
4,2.0,0.9,42,0.53639602021041,0.3,0.74,0.9033835299999999,100
4,2.0,0.9,123,0.51267584422307,0.31,0.71,0.8946851499999999,100
4,2.0,0.9,456,0.53895073726471,0.29,0.73,0.8970875100000001,100
4,2.0,0.9,789,0.52277627010351,0.3,0.71,0.89580969,100
4,4.0,0.5,0,0.42247531897560997,0.34,1.0,0.8563085300000001,100
4,4.0,0.5,42,0.45971279262174003,0.31,1.0,0.86297,100
4,4.0,0.5,123,0.43309317570628,0.33,1.0,0.85565166,100
4,4.0,0.5,456,0.45027178555993996,0.31,1.0,0.85325044,100
4,4.0,0.5,789,0.45408856200941,0.33,1.0,0.86891445,100
4,4.0,0.7,0,0.45151391211106,0.34,0.99,0.8767857600000001,100
4,4.0,0.7,42,0.49233220304006997,0.31,0.99,0.88477239,100
4,4.0,0.7,123,0.47527067199455997,0.33,0.99,0.88502996,100
4,4.0,0.7,456,0.4841473716149,0.31,0.98,0.8769394800000001,100
4,4.0,0.7,789,0.47819454257121996,0.33,1.0,0.8864749000000001,100
4,4.0,0.9,0,0.49736961078277,0.32,0.71,0.89085393,100
4,4.0,0.9,42,0.53639602021041,0.3,0.74,0.9033835299999999,100
4,4.0,0.9,123,0.51267584422307,0.31,0.71,0.8946851499999999,100
4,4.0,0.9,456,0.53895073726471,0.29,0.73,0.8970875100000001,100
4,4.0,0.9,789,0.52277627010351,0.3,0.71,0.89580969,100
8,0.0,0.5,0,0.36880647663116994,0.37,0.96,0.83454663,100
8,0.0,0.5,42,0.39771816660518,0.34,0.96,0.8368325799999999,100
8,0.0,0.5,123,0.37563368470161995,0.36,0.99,0.8281010000000001,100
8,0.0,0.5,456,0.41719307938361,0.32,0.99,0.8375971099999999,100
8,0.0,0.5,789,0.41402515216970004,0.33,0.99,0.84187162,100
8,0.0,0.7,0,0.36880647663116994,0.37,0.78,0.83454663,100
8,0.0,0.7,42,0.39771816660518,0.34,0.75,0.8368325799999999,100
8,0.0,0.7,123,0.37563368470161995,0.36,0.71,0.8281010000000001,100
8,0.0,0.7,456,0.41719307938361,0.32,0.78,0.8375971099999999,100
8,0.0,0.7,789,0.41402515216970004,0.33,0.78,0.84187162,100
8,0.0,0.9,0,0.36880647663116994,0.37,0.44,0.83454663,100
8,0.0,0.9,42,0.39771816660518,0.34,0.42,0.8368325799999999,100
8,0.0,0.9,123,0.37563368470161995,0.36,0.44,0.8281010000000001,100
8,0.0,0.9,456,0.41719307938361,0.32,0.44,0.8375971099999999,100
8,0.0,0.9,789,0.41402515216970004,0.33,0.44,0.84187162,100
8,0.25,0.5,0,0.37365100452271,0.37,0.99,0.83906005,100
8,0.25,0.5,42,0.40072179453886003,0.34,0.99,0.83967112,100
8,0.25,0.5,123,0.37698832685073996,0.36,1.0,0.8295174799999999,100
8,0.25,0.5,456,0.41812658314194,0.32,1.0,0.8385269399999999,100
8,0.25,0.5,789,0.41462229839318,0.33,1.0,0.8424842800000001,100
8,0.25,0.7,0,0.39256998619322,0.37,0.94,0.85240144,100
8,0.25,0.7,42,0.41398208605835,0.34,0.91,0.84852585,100
8,0.25,0.7,123,0.40897575397705,0.36,0.92,0.85260465,100
8,0.25,0.7,456,0.44299507812767996,0.32,0.96,0.85729774,100
8,0.25,0.7,789,0.43913545013617006,0.33,0.95,0.86066301,100
8,0.25,0.9,0,0.39215463376104,0.37,0.56,0.84775808,100
8,0.25,0.9,42,0.42440345581936,0.34,0.56,0.8518444599999999,100
8,0.25,0.9,123,0.39025257181052,0.36,0.52,0.8362969800000001,100
8,0.25,0.9,456,0.43646983305415,0.32,0.55,0.84845839,100
8,0.25,0.9,789,0.43498058243973,0.33,0.57,0.8535306699999999,100
8,0.5,0.5,0,0.37365100452271,0.37,0.99,0.83906005,100
8,0.5,0.5,42,0.40538047650166,0.34,1.0,0.84319132,100
8,0.5,0.5,123,0.37698832685073996,0.36,1.0,0.8295174799999999,100
8,0.5,0.5,456,0.41812658314194,0.32,1.0,0.8385269399999999,100
8,0.5,0.5,789,0.41462229839318,0.33,1.0,0.8424842800000001,100
8,0.5,0.7,0,0.4042664970336,0.37,0.98,0.86212348,100
8,0.5,0.7,42,0.44068266400919,0.34,0.99,0.8688228499999999,100
8,0.5,0.7,123,0.4276391708103,0.36,0.98,0.86622608,100
8,0.5,0.7,456,0.44971190214516,0.32,0.98,0.86200038,100
8,0.5,0.7,789,0.45033535132532004,0.33,0.99,0.8692026199999999,100
8,0.5,0.9,0,0.43401564487125,0.37,0.68,0.87279691,100
8,0.5,0.9,42,0.48731874810888004,0.34,0.73,0.88934162,100
8,0.5,0.9,123,0.45623119794650996,0.36,0.69,0.8766767299999999,100
8,0.5,0.9,456,0.51097201624115,0.32,0.75,0.8931919700000001,100
8,0.5,0.9,789,0.49116420300174,0.33,0.73,0.88733412,100
8,1.0,0.5,0,0.37947225483311003,0.37,1.0,0.84325839,100
8,1.0,0.5,42,0.40538047650166,0.34,1.0,0.84319132,100
8,1.0,0.5,123,0.37698832685073996,0.36,1.0,0.8295174799999999,100
8,1.0,0.5,456,0.41812658314194,0.32,1.0,0.8385269399999999,100
8,1.0,0.5,789,0.41462229839318,0.33,1.0,0.8424842800000001,100
8,1.0,0.7,0,0.41509674332560004,0.37,1.0,0.8694713000000001,100
8,1.0,0.7,42,0.44653093250562004,0.34,1.0,0.8723800199999999,100
8,1.0,0.7,123,0.43946062722727,0.35,1.0,0.8736621499999999,100
8,1.0,0.7,456,0.45480103295961,0.32,0.99,0.86549293,100
8,1.0,0.7,789,0.45536870222132003,0.33,1.0,0.8727286200000001,100
8,1.0,0.9,0,0.48254593300140003,0.34,0.75,0.88980498,100
8,1.0,0.9,42,0.53558717004074,0.31,0.8,0.90704474,100
8,1.0,0.9,123,0.5091684005661999,0.32,0.77,0.8954759,100
8,1.0,0.9,456,0.54492859578947,0.3,0.8,0.90553923,100
8,1.0,0.9,789,0.5272885431511,0.3,0.78,0.89598568,100
8,2.0,0.5,0,0.37947225483311003,0.37,1.0,0.84325839,100
8,2.0,0.5,42,0.40538047650166,0.34,1.0,0.84319132,100
8,2.0,0.5,123,0.37698832685073996,0.36,1.0,0.8295174799999999,100
8,2.0,0.5,456,0.41812658314194,0.32,1.0,0.8385269399999999,100
8,2.0,0.5,789,0.41462229839318,0.33,1.0,0.8424842800000001,100
8,2.0,0.7,0,0.41509674332560004,0.37,1.0,0.8694713000000001,100
8,2.0,0.7,42,0.44653093250562004,0.34,1.0,0.8723800199999999,100
8,2.0,0.7,123,0.43946062722727,0.35,1.0,0.8736621499999999,100
8,2.0,0.7,456,0.45480103295961,0.32,0.99,0.86549293,100
8,2.0,0.7,789,0.45536870222132003,0.33,1.0,0.8727286200000001,100
8,2.0,0.9,0,0.48254593300140003,0.34,0.75,0.88980498,100
8,2.0,0.9,42,0.53558717004074,0.31,0.8,0.90704474,100
8,2.0,0.9,123,0.5091684005661999,0.32,0.77,0.8954759,100
8,2.0,0.9,456,0.54492859578947,0.3,0.8,0.90553923,100
8,2.0,0.9,789,0.5272885431511,0.3,0.78,0.89598568,100
8,4.0,0.5,0,0.37947225483311003,0.37,1.0,0.84325839,100
8,4.0,0.5,42,0.40538047650166,0.34,1.0,0.84319132,100
8,4.0,0.5,123,0.37698832685073996,0.36,1.0,0.8295174799999999,100
8,4.0,0.5,456,0.41812658314194,0.32,1.0,0.8385269399999999,100
8,4.0,0.5,789,0.41462229839318,0.33,1.0,0.8424842800000001,100
8,4.0,0.7,0,0.41509674332560004,0.37,1.0,0.8694713000000001,100
8,4.0,0.7,42,0.44653093250562004,0.34,1.0,0.8723800199999999,100
8,4.0,0.7,123,0.43946062722727,0.35,1.0,0.8736621499999999,100
8,4.0,0.7,456,0.45480103295961,0.32,0.99,0.86549293,100
8,4.0,0.7,789,0.45536870222132003,0.33,1.0,0.8727286200000001,100
8,4.0,0.9,0,0.48254593300140003,0.34,0.75,0.88980498,100
8,4.0,0.9,42,0.53558717004074,0.31,0.8,0.90704474,100
8,4.0,0.9,123,0.5091684005661999,0.32,0.77,0.8954759,100
8,4.0,0.9,456,0.54492859578947,0.3,0.8,0.90553923,100
8,4.0,0.9,789,0.5272885431511,0.3,0.78,0.89598568,100
16,0.0,0.5,0,0.32637384670192,0.37,0.94,0.80630846,100
16,0.0,0.5,42,0.32782986960962,0.37,0.94,0.80586372,100
16,0.0,0.5,123,0.31923960131582,0.38,0.95,0.8022288999999999,100
16,0.0,0.5,456,0.33601967768251,0.38,0.98,0.8163872499999999,100
16,0.0,0.5,789,0.34232422305097,0.37,0.97,0.81220927,100
16,0.0,0.7,0,0.32637384670192,0.37,0.7,0.80630846,100
16,0.0,0.7,42,0.32782986960962,0.37,0.68,0.80586372,100
16,0.0,0.7,123,0.31923960131582,0.38,0.68,0.8022288999999999,100
16,0.0,0.7,456,0.33601967768251,0.38,0.71,0.8163872499999999,100
16,0.0,0.7,789,0.34232422305097,0.37,0.71,0.81220927,100
16,0.0,0.9,0,0.32637384670192,0.37,0.4,0.80630846,100
16,0.0,0.9,42,0.32782986960962,0.37,0.34,0.80586372,100
16,0.0,0.9,123,0.31923960131582,0.38,0.37,0.8022288999999999,100
16,0.0,0.9,456,0.33601967768251,0.38,0.43,0.8163872499999999,100
16,0.0,0.9,789,0.34232422305097,0.37,0.4,0.81220927,100
16,0.25,0.5,0,0.3324087663053,0.37,1.0,0.8122224199999999,100
16,0.25,0.5,42,0.33305579397784996,0.37,0.99,0.8106830899999999,100
16,0.25,0.5,123,0.32706306962843995,0.38,1.0,0.8098654000000001,100
16,0.25,0.5,456,0.33824665589054,0.38,1.0,0.81855156,100
16,0.25,0.5,789,0.34651070195677003,0.37,1.0,0.81622051,100
16,0.25,0.7,0,0.35352469610401,0.37,0.9,0.82676433,100
16,0.25,0.7,42,0.34830059963418997,0.37,0.88,0.8211218499999999,100
16,0.25,0.7,123,0.35596681847561,0.38,0.91,0.83013885,100
16,0.25,0.7,456,0.37431284266497,0.38,0.95,0.84572621,100
16,0.25,0.7,789,0.37073524367623995,0.37,0.92,0.8337011400000001,100
16,0.25,0.9,0,0.34529659719247,0.37,0.49,0.81700941,100
16,0.25,0.9,42,0.34760876682586994,0.37,0.44,0.81711871,100
16,0.25,0.9,123,0.33676460274575,0.38,0.47,0.81205513,100
16,0.25,0.9,456,0.34851546489095,0.38,0.49,0.8233577699999999,100
16,0.25,0.9,789,0.35882060427093004,0.37,0.48,0.8216593299999999,100
16,0.5,0.5,0,0.3324087663053,0.37,1.0,0.8122224199999999,100
16,0.5,0.5,42,0.3379305239179,0.37,1.0,0.8144310400000001,100
16,0.5,0.5,123,0.32706306962843995,0.38,1.0,0.8098654000000001,100
16,0.5,0.5,456,0.33824665589054,0.38,1.0,0.81855156,100
16,0.5,0.5,789,0.34651070195677003,0.37,1.0,0.81622051,100
16,0.5,0.7,0,0.38006913422736,0.37,0.98,0.84750156,100
16,0.5,0.7,42,0.38055049713228994,0.37,0.98,0.84587367,100
16,0.5,0.7,123,0.37561279612404,0.38,0.97,0.84649978,100
16,0.5,0.7,456,0.39071422457308996,0.38,1.0,0.85845635,100
16,0.5,0.7,789,0.38837764413293996,0.37,0.98,0.8478086,100
16,0.5,0.9,0,0.42897262840127,0.37,0.71,0.8690220700000001,100
16,0.5,0.9,42,0.43449984780514994,0.37,0.69,0.86866603,100
16,0.5,0.9,123,0.42961836107148005,0.38,0.72,0.86923966,100
16,0.5,0.9,456,0.43737130143701997,0.38,0.73,0.8773404600000001,100
16,0.5,0.9,789,0.43634816891056,0.37,0.69,0.8683854,100
16,1.0,0.5,0,0.3324087663053,0.37,1.0,0.8122224199999999,100
16,1.0,0.5,42,0.3379305239179,0.37,1.0,0.8144310400000001,100
16,1.0,0.5,123,0.32706306962843995,0.38,1.0,0.8098654000000001,100
16,1.0,0.5,456,0.33824665589054,0.38,1.0,0.81855156,100
16,1.0,0.5,789,0.34651070195677003,0.37,1.0,0.81622051,100
16,1.0,0.7,0,0.39254658930354,0.37,1.0,0.85562402,100
16,1.0,0.7,42,0.39219901370432,0.37,1.0,0.8529537,100
16,1.0,0.7,123,0.39490987181820997,0.37,1.0,0.85664999,100
16,1.0,0.7,456,0.39071422457308996,0.38,1.0,0.85845635,100
16,1.0,0.7,789,0.39905669418366,0.37,1.0,0.85474688,100
16,1.0,0.9,0,0.50149716494551,0.34,0.82,0.90128975,100
16,1.0,0.9,42,0.51645379718267,0.32,0.81,0.89790665,100
16,1.0,0.9,123,0.5156372324816,0.33,0.85,0.90315796,100
16,1.0,0.9,456,0.5115216292927299,0.34,0.84,0.90657131,100
16,1.0,0.9,789,0.51187117997649,0.32,0.8,0.89513321,100
16,2.0,0.5,0,0.3324087663053,0.37,1.0,0.8122224199999999,100
16,2.0,0.5,42,0.3379305239179,0.37,1.0,0.8144310400000001,100
16,2.0,0.5,123,0.32706306962843995,0.38,1.0,0.8098654000000001,100
16,2.0,0.5,456,0.33824665589054,0.38,1.0,0.81855156,100
16,2.0,0.5,789,0.34651070195677003,0.37,1.0,0.81622051,100
16,2.0,0.7,0,0.39254658930354,0.37,1.0,0.85562402,100
16,2.0,0.7,42,0.39219901370432,0.37,1.0,0.8529537,100
16,2.0,0.7,123,0.39490987181820997,0.37,1.0,0.85664999,100
16,2.0,0.7,456,0.39071422457308996,0.38,1.0,0.85845635,100
16,2.0,0.7,789,0.39905669418366,0.37,1.0,0.85474688,100
16,2.0,0.9,0,0.50149716494551,0.34,0.82,0.90128975,100
16,2.0,0.9,42,0.51645379718267,0.32,0.81,0.89790665,100
16,2.0,0.9,123,0.5156372324816,0.33,0.85,0.90315796,100
16,2.0,0.9,456,0.5115216292927299,0.34,0.84,0.90657131,100
16,2.0,0.9,789,0.51187117997649,0.32,0.8,0.89513321,100
16,4.0,0.5,0,0.3324087663053,0.37,1.0,0.8122224199999999,100
16,4.0,0.5,42,0.3379305239179,0.37,1.0,0.8144310400000001,100
16,4.0,0.5,123,0.32706306962843995,0.38,1.0,0.8098654000000001,100
16,4.0,0.5,456,0.33824665589054,0.38,1.0,0.81855156,100
16,4.0,0.5,789,0.34651070195677003,0.37,1.0,0.81622051,100
16,4.0,0.7,0,0.39254658930354,0.37,1.0,0.85562402,100
16,4.0,0.7,42,0.39219901370432,0.37,1.0,0.8529537,100
16,4.0,0.7,123,0.39490987181820997,0.37,1.0,0.85664999,100
16,4.0,0.7,456,0.39071422457308996,0.38,1.0,0.85845635,100
16,4.0,0.7,789,0.39905669418366,0.37,1.0,0.85474688,100
16,4.0,0.9,0,0.50149716494551,0.34,0.82,0.90128975,100
16,4.0,0.9,42,0.51645379718267,0.32,0.81,0.89790665,100
16,4.0,0.9,123,0.5156372324816,0.33,0.85,0.90315796,100
16,4.0,0.9,456,0.5115216292927299,0.34,0.84,0.90657131,100
16,4.0,0.9,789,0.51187117997649,0.32,0.8,0.89513321,100
32,0.0,0.5,0,0.28527247356765995,0.38,0.9,0.77774398,100
32,0.0,0.5,42,0.27776107878918,0.37,0.93,0.7713593799999999,100
32,0.0,0.5,123,0.2635202362207,0.4,0.91,0.7693032599999999,100
32,0.0,0.5,456,0.27741648547562,0.39,0.92,0.7814646000000001,100
32,0.0,0.5,789,0.26577699957078,0.4,0.93,0.77419896,100
32,0.0,0.7,0,0.28527247356765995,0.38,0.58,0.77774398,100
32,0.0,0.7,42,0.27776107878918,0.37,0.56,0.7713593799999999,100
32,0.0,0.7,123,0.2635202362207,0.4,0.57,0.7693032599999999,100
32,0.0,0.7,456,0.27741648547562,0.39,0.63,0.7814646000000001,100
32,0.0,0.7,789,0.26577699957078,0.4,0.59,0.77419896,100
32,0.0,0.9,0,0.28527247356765995,0.38,0.37,0.77774398,100
32,0.0,0.9,42,0.27776107878918,0.37,0.31,0.7713593799999999,100
32,0.0,0.9,123,0.2635202362207,0.4,0.33,0.7693032599999999,100
32,0.0,0.9,456,0.27741648547562,0.39,0.38,0.7814646000000001,100
32,0.0,0.9,789,0.26577699957078,0.4,0.35,0.77419896,100
32,0.25,0.5,0,0.29333901369005,0.38,0.98,0.78567037,100
32,0.25,0.5,42,0.28220110620695,0.37,0.99,0.77561629,100
32,0.25,0.5,123,0.27478952438855,0.4,1.0,0.78037513,100
32,0.25,0.5,456,0.28713732196292,0.39,1.0,0.79102276,100
32,0.25,0.5,789,0.27366648135780997,0.4,1.0,0.7819938500000001,100
32,0.25,0.7,0,0.31851273171728,0.38,0.85,0.8028366,100
32,0.25,0.7,42,0.30721522975482,0.37,0.82,0.79353078,100
32,0.25,0.7,123,0.30375080582575,0.4,0.83,0.79958253,100
32,0.25,0.7,456,0.31642196270087,0.39,0.87,0.8113938500000001,100
32,0.25,0.7,789,0.30938296137852,0.4,0.89,0.80717716,100
32,0.25,0.9,0,0.29984545347388997,0.38,0.44,0.78594959,100
32,0.25,0.9,42,0.29001874895747,0.37,0.37,0.77851507,100
32,0.25,0.9,123,0.27421418306430995,0.4,0.38,0.7753690299999999,100
32,0.25,0.9,456,0.28358330511389,0.39,0.42,0.7849585299999999,100
32,0.25,0.9,789,0.27462243996242997,0.4,0.39,0.7792366900000001,100
32,0.5,0.5,0,0.29929959647161,0.38,1.0,0.79151679,100
32,0.5,0.5,42,0.2849252493203,0.37,1.0,0.77791214,100
32,0.5,0.5,123,0.27478952438855,0.4,1.0,0.78037513,100
32,0.5,0.5,456,0.28713732196292,0.39,1.0,0.79102276,100
32,0.5,0.5,789,0.27366648135780997,0.4,1.0,0.7819938500000001,100
32,0.5,0.7,0,0.36340702200087,0.38,0.98,0.83982671,100
32,0.5,0.7,42,0.36036287413547,0.37,0.98,0.83359651,100
32,0.5,0.7,123,0.33994322681132,0.4,0.95,0.82934528,100
32,0.5,0.7,456,0.35393798047992,0.39,0.99,0.84122584,100
32,0.5,0.7,789,0.33386347560392,0.4,0.97,0.82806588,100
32,0.5,0.9,0,0.39394981414519004,0.38,0.69,0.84467927,100
32,0.5,0.9,42,0.39428069515006003,0.37,0.65,0.84206742,100
32,0.5,0.9,123,0.37234769092983994,0.4,0.64,0.83611394,100
32,0.5,0.9,456,0.37266962694301,0.39,0.66,0.83953429,100
32,0.5,0.9,789,0.37703343663357,0.4,0.66,0.8421520499999999,100
32,1.0,0.5,0,0.29929959647161,0.38,1.0,0.79151679,100
32,1.0,0.5,42,0.2849252493203,0.37,1.0,0.77791214,100
32,1.0,0.5,123,0.27478952438855,0.4,1.0,0.78037513,100
32,1.0,0.5,456,0.28713732196292,0.39,1.0,0.79102276,100
32,1.0,0.5,789,0.27366648135780997,0.4,1.0,0.7819938500000001,100
32,1.0,0.7,0,0.37710446080145,0.37,1.0,0.84641343,100
32,1.0,0.7,42,0.3720113907075,0.37,1.0,0.84067654,100
32,1.0,0.7,123,0.37331822754199995,0.38,1.0,0.8478606999999999,100
32,1.0,0.7,456,0.36117712993739,0.39,1.0,0.84663593,100
32,1.0,0.7,789,0.35481579235458,0.39,1.0,0.83946634,100
32,1.0,0.9,0,0.50213429923313,0.34,0.85,0.8997494899999999,100
32,1.0,0.9,42,0.5252609489901799,0.32,0.85,0.9037975,100
32,1.0,0.9,123,0.52215301829751,0.32,0.87,0.9026199300000001,100
32,1.0,0.9,456,0.4942436260805,0.34,0.85,0.8967282799999999,100
32,1.0,0.9,789,0.4987405274954,0.34,0.84,0.896935,100
32,2.0,0.5,0,0.29929959647161,0.38,1.0,0.79151679,100
32,2.0,0.5,42,0.2849252493203,0.37,1.0,0.77791214,100
32,2.0,0.5,123,0.27478952438855,0.4,1.0,0.78037513,100
32,2.0,0.5,456,0.28713732196292,0.39,1.0,0.79102276,100
32,2.0,0.5,789,0.27366648135780997,0.4,1.0,0.7819938500000001,100
32,2.0,0.7,0,0.37710446080145,0.37,1.0,0.84641343,100
32,2.0,0.7,42,0.3720113907075,0.37,1.0,0.84067654,100
32,2.0,0.7,123,0.37331822754199995,0.38,1.0,0.8478606999999999,100
32,2.0,0.7,456,0.36117712993739,0.39,1.0,0.84663593,100
32,2.0,0.7,789,0.35481579235458,0.39,1.0,0.83946634,100
32,2.0,0.9,0,0.50213429923313,0.34,0.85,0.8997494899999999,100
32,2.0,0.9,42,0.5252609489901799,0.32,0.85,0.9037975,100
32,2.0,0.9,123,0.52215301829751,0.32,0.87,0.9026199300000001,100
32,2.0,0.9,456,0.4942436260805,0.34,0.85,0.8967282799999999,100
32,2.0,0.9,789,0.4987405274954,0.34,0.84,0.896935,100
32,4.0,0.5,0,0.29929959647161,0.38,1.0,0.79151679,100
32,4.0,0.5,42,0.2849252493203,0.37,1.0,0.77791214,100
32,4.0,0.5,123,0.27478952438855,0.4,1.0,0.78037513,100
32,4.0,0.5,456,0.28713732196292,0.39,1.0,0.79102276,100
32,4.0,0.5,789,0.27366648135780997,0.4,1.0,0.7819938500000001,100
32,4.0,0.7,0,0.37710446080145,0.37,1.0,0.84641343,100
32,4.0,0.7,42,0.3720113907075,0.37,1.0,0.84067654,100
32,4.0,0.7,123,0.37331822754199995,0.38,1.0,0.8478606999999999,100
32,4.0,0.7,456,0.36117712993739,0.39,1.0,0.84663593,100
32,4.0,0.7,789,0.35481579235458,0.39,1.0,0.83946634,100
32,4.0,0.9,0,0.50213429923313,0.34,0.85,0.8997494899999999,100
32,4.0,0.9,42,0.5252609489901799,0.32,0.85,0.9037975,100
32,4.0,0.9,123,0.52215301829751,0.32,0.87,0.9026199300000001,100
32,4.0,0.9,456,0.4942436260805,0.34,0.85,0.8967282799999999,100
32,4.0,0.9,789,0.4987405274954,0.34,0.84,0.896935,100
